{"10": {"1": 0.058823529411764705, "2": 0.058823529411764705, "3": 0.058823529411764705, "4": 0.058823529411764705, "5": 0.058823529411764705, "6": 0.058823529411764705, "7": 0.058823529411764705, "8": 0.058823529411764705, "9": 0.058823529411764705, "10": 0.058823529411764705, "11": 0.058823529411764705, "12": 0.058823529411764705, "13": 0.058823529411764705, "14": 0.058823529411764705, "15": 0.058823529411764705, "16": 0.058823529411764705, "17": 0.058823529411764705}, "20": {"1": 0.058823529411764705, "2": 0.058823529411764705, "3": 0.058823529411764705, "4": 0.058823529411764705, "5": 0.058823529411764705, "6": 0.058823529411764705, "7": 0.058823529411764705, "8": 0.058823529411764705, "9": 0.058823529411764705, "10": 0.058823529411764705, "11": 0.058823529411764705, "12": 0.058823529411764705, "13": 0.058823529411764705, "14": 0.058823529411764705, "15": 0.058823529411764705, "16": 0.058823529411764705, "17": 0.058823529411764705}, "30": {"1": 0.058823529411764705, "2": 0.058823529411764705, "3": 0.058823529411764705, "4": 0.058823529411764705, "5": 0.058823529411764705, "6": 0.058823529411764705, "7": 0.058823529411764705, "8": 0.058823529411764705, "9": 0.058823529411764705, "10": 0.058823529411764705, "11": 0.058823529411764705, "12": 0.058823529411764705, "13": 0.058823529411764705, "14": 0.058823529411764705, "15": 0.058823529411764705, "16": 0.058823529411764705, "17": 0.058823529411764705}, "40": {"1": 0.058823529411764705, "2": 0.058823529411764705, "3": 0.058823529411764705, "4": 0.058823529411764705, "5": 0.058823529411764705, "6": 0.058823529411764705, "7": 0.058823529411764705, "8": 0.058823529411764705, "9": 0.058823529411764705, "10": 0.058823529411764705, "11": 0.058823529411764705, "12": 0.058823529411764705, "13": 0.058823529411764705, "14": 0.058823529411764705, "15": 0.058823529411764705, "16": 0.058823529411764705, "17": 0.058823529411764705}, "50": {"1": 0.058823529411764705, "2": 0.058823529411764705, "3": 0.058823529411764705, "4": 0.058823529411764705, "5": 0.058823529411764705, "6": 0.058823529411764705, "7": 0.058823529411764705, "8": 0.058823529411764705, "9": 0.058823529411764705, "10": 0.058823529411764705, "11": 0.058823529411764705, "12": 0.058823529411764705, "13": 0.058823529411764705, "14": 0.058823529411764705, "15": 0.058823529411764705, "16": 0.058823529411764705, "17": 0.058823529411764705}, "60": {"1": 0.058823529411764705, "2": 0.058823529411764705, "3": 0.058823529411764705, "4": 0.058823529411764705, "5": 0.058823529411764705, "6": 0.058823529411764705, "7": 0.058823529411764705, "8": 0.058823529411764705, "9": 0.058823529411764705, "10": 0.058823529411764705, "11": 0.058823529411764705, "12": 0.058823529411764705, "13": 0.058823529411764705, "14": 0.058823529411764705, "15": 0.058823529411764705, "16": 0.058823529411764705, "17": 0.058823529411764705}, "70": {"1": 0.058823529411764705, "2": 0.058823529411764705, "3": 0.058823529411764705, "4": 0.058823529411764705, "5": 0.058823529411764705, "6": 0.058823529411764705, "7": 0.058823529411764705, "8": 0.058823529411764705, "9": 0.058823529411764705, "10": 0.058823529411764705, "11": 0.058823529411764705, "12": 0.058823529411764705, "13": 0.058823529411764705, "14": 0.058823529411764705, "15": 0.058823529411764705, "16": 0.058823529411764705, "17": 0.058823529411764705}, "80": {"1": 0.058823529411764705, "2": 0.058823529411764705, "3": 0.058823529411764705, "4": 0.058823529411764705, "5": 0.058823529411764705, "6": 0.058823529411764705, "7": 0.058823529411764705, "8": 0.058823529411764705, "9": 0.058823529411764705, "10": 0.058823529411764705, "11": 0.058823529411764705, "12": 0.058823529411764705, "13": 0.058823529411764705, "14": 0.058823529411764705, "15": 0.058823529411764705, "16": 0.058823529411764705, "17": 0.058823529411764705}, "90": {"1": 0.058823529411764705, "2": 0.058823529411764705, "3": 0.058823529411764705, "4": 0.058823529411764705, "5": 0.058823529411764705, "6": 0.058823529411764705, "7": 0.058823529411764705, "8": 0.058823529411764705, "9": 0.058823529411764705, "10": 0.058823529411764705, "11": 0.058823529411764705, "12": 0.058823529411764705, "13": 0.058823529411764705, "14": 0.058823529411764705, "15": 0.058823529411764705, "16": 0.058823529411764705, "17": 0.058823529411764705}, "95": {"1": 0.058823529411764705, "2": 0.058823529411764705, "3": 0.058823529411764705, "4": 0.058823529411764705, "5": 0.058823529411764705, "6": 0.058823529411764705, "7": 0.058823529411764705, "8": 0.058823529411764705, "9": 0.058823529411764705, "10": 0.058823529411764705, "11": 0.058823529411764705, "12": 0.058823529411764705, "13": 0.058823529411764705, "14": 0.058823529411764705, "15": 0.058823529411764705, "16": 0.058823529411764705, "17": 0.058823529411764705}, "100": {"1": 0.058823529411764705, "2": 0.058823529411764705, "3": 0.058823529411764705, "4": 0.058823529411764705, "5": 0.058823529411764705, "6": 0.058823529411764705, "7": 0.058823529411764705, "8": 0.058823529411764705, "9": 0.058823529411764705, "10": 0.058823529411764705, "11": 0.058823529411764705, "12": 0.058823529411764705, "13": 0.058823529411764705, "14": 0.058823529411764705, "15": 0.058823529411764705, "16": 0.058823529411764705, "17": 0.058823529411764705}}