{   
   "10": [0.006666666666666667, 0.006666666666666667, 0.006666666666666667, 
          0.006666666666666667, 0.006666666666666667, 0.006666666666666667, 
          0.006666666666666667, 0.006666666666666667, 0.006666666666666667, 
          0.006666666666666667, 0.6, 0.3, 0.006666666666666667, 0.006666666666666667, 
          0.006666666666666667, 0.006666666666666667, 0.006666666666666667],
   "20": [0.0071428571428571435, 0.0071428571428571435, 0.0071428571428571435, 
          0.0071428571428571435, 0.0071428571428571435, 0.0071428571428571435, 
          0.0071428571428571435, 0.0071428571428571435, 0.0071428571428571435, 
          0.0071428571428571435, 0.0071428571428571435, 0.2, 0.5, 0.2, 
          0.0071428571428571435, 0.0071428571428571435, 0.0071428571428571435],
   "30": [0.00625, 0.00625, 0.00625, 0.00625, 0.00625, 0.00625, 0.00625, 
          0.00625, 0.00625, 0.00625, 0.00625, 0.00625, 0.00625, 0.9, 
          0.00625, 0.00625, 0.00625],
   "40": [0.00625, 0.00625, 0.00625, 0.00625, 0.00625, 0.00625, 0.00625, 
          0.00625, 0.00625, 0.00625, 0.00625, 0.00625, 0.00625, 0.9, 
          0.00625, 0.00625, 0.00625],
   "50": [0.09, 0.09, 0.09, 0.09, 0.09, 0.09, 0.09, 0.09, 0.09, 0.09, 
          0.014285714285714287, 0.014285714285714287, 0.014285714285714287, 
          0.014285714285714287, 0.014285714285714287, 0.014285714285714287, 
          0.014285714285714287],
   "60": [0.006666666666666667, 0.006666666666666667, 0.006666666666666667, 0.006666666666666667, 
          0.006666666666666667, 0.006666666666666667, 0.006666666666666667, 0.006666666666666667, 
          0.006666666666666667, 0.006666666666666667, 0.006666666666666667, 0.006666666666666667, 
          0.45, 0.45, 0.006666666666666667, 0.006666666666666667, 0.006666666666666667],
   "70": [0.05882353, 0.05882353, 0.05882353, 0.05882353, 0.05882353,
          0.05882353, 0.05882353, 0.05882353, 0.05882353, 0.05882353,
          0.05882353, 0.05882353, 0.05882353, 0.05882353, 0.05882353,
          0.05882353, 0.05882353],
   "80": [0.0625, 0.0625, 0.0625, 0.0625, 0.0625, 0.0625, 0.0625, 0.0625,
          0.0625, 0.0625, 0.0625, 0.0625, 0.0625, 0.0625, 0.0625, 0.0625, 0.9],
   "90": [0.05882353, 0.05882353, 0.05882353, 0.05882353, 0.05882353,
          0.05882353, 0.05882353, 0.05882353, 0.05882353, 0.05882353,
          0.05882353, 0.05882353, 0.05882353, 0.05882353, 0.05882353,
          0.05882353, 0.05882353],
   "95": [0.05882353, 0.05882353, 0.05882353, 0.05882353, 0.05882353,
          0.05882353, 0.05882353, 0.05882353, 0.05882353, 0.05882353,
          0.05882353, 0.05882353, 0.05882353, 0.05882353, 0.05882353,
          0.05882353, 0.05882353],
   "100": [0.05882353, 0.05882353, 0.05882353, 0.05882353, 0.05882353,
           0.05882353, 0.05882353, 0.05882353, 0.05882353, 0.05882353,
           0.05882353, 0.05882353, 0.05882353, 0.05882353, 0.05882353,
           0.05882353, 0.05882353]
}
