{"10": {"1": 0.0, "2": 0.0, "3": 0.0, "4": 0.0, "5": 0.0, "6": 0.0, "7": 0.0, "8": 0.0, "9": 0.0, "10": 0.0, "11": 0.262, "12": 0.273, "13": 0.011, "14": 0.022, "15": 0.0, "16": 0.0, "17": 0.0}, "20": {"1": 0.0, "2": 0.0, "3": 0.0, "4": 0.0, "5": 0.0, "6": 0.0, "7": 0.0, "8": 0.0, "9": 0.0, "10": 0.0, "11": 0.024, "12": 0.063, "13": 0.039, "14": 0.057, "15": 0.002, "16": 0.002, "17": 0.0}, "30": {"1": 0.001, "2": 0.001, "3": 0.001, "4": 0.001, "5": 0.001, "6": 0.001, "7": 0.001, "8": 0.001, "9": 0.001, "10": 0.001, "11": 0.031, "12": 0.053, "13": 0.022, "14": 0.21400000000000002, "15": 0.007, "16": 0.007, "17": 0.0}, "40": {"1": 0.0, "2": 0.0, "3": 0.0, "4": 0.0, "5": 0.0, "6": 0.0, "7": 0.0, "8": 0.0, "9": 0.0, "10": 0.0, "11": 0.004, "12": 0.006, "13": 0.002, "14": 0.088, "15": 0.001, "16": 0.001, "17": 0.0}, "50": {"1": 0.006, "2": 0.006, "3": 0.006, "4": 0.006, "5": 0.006, "6": 0.006, "7": 0.006, "8": 0.006, "9": 0.006, "10": 0.006, "11": 0.001, "12": 0.001, "13": 0.0, "14": 0.001, "15": 0.0, "16": 0.0, "17": 0.0}, "60": {"1": 0.001, "2": 0.001, "3": 0.001, "4": 0.001, "5": 0.001, "6": 0.001, "7": 0.001, "8": 0.001, "9": 0.001, "10": 0.001, "11": 0.001, "12": 0.006, "13": 0.005, "14": 0.027000000000000003, "15": 0.152, "16": 0.152, "17": 0.003}, "70": {"1": 0.0, "2": 0.0, "3": 0.0, "4": 0.0, "5": 0.0, "6": 0.0, "7": 0.0, "8": 0.0, "9": 0.0, "10": 0.0, "11": 0.0, "12": 0.0, "13": 0.0, "14": 0.0, "15": 0.0, "16": 0.0, "17": 0.023}, "80": {"1": 0.0, "2": 0.0, "3": 0.0, "4": 0.0, "5": 0.0, "6": 0.0, "7": 0.0, "8": 0.0, "9": 0.0, "10": 0.0, "11": 0.001, "12": 0.001, "13": 0.0, "14": 0.002, "15": 0.0, "16": 0.0, "17": 0.023}, "90": {"1": 0.0, "2": 0.0, "3": 0.0, "4": 0.0, "5": 0.0, "6": 0.0, "7": 0.0, "8": 0.0, "9": 0.0, "10": 0.0, "11": 0.001, "12": 0.001, "13": 0.0, "14": 0.011, "15": 0.0, "16": 0.0, "17": 0.001}, "95": {"1": 0.0, "2": 0.0, "3": 0.0, "4": 0.0, "5": 0.0, "6": 0.0, "7": 0.0, "8": 0.0, "9": 0.0, "10": 0.0, "11": 0.002, "12": 0.001, "13": 0.001, "14": 0.0, "15": 0.0, "16": 0.0, "17": 0.0}, "100": {"1": 0.0, "2": 0.0, "3": 0.0, "4": 0.0, "5": 0.0, "6": 0.0, "7": 0.0, "8": 0.0, "9": 0.0, "10": 0.0, "11": 0.001, "12": 0.001, "13": 0.0, "14": 0.027000000000000003, "15": 0.003, "16": 0.003, "17": 0.001}}