{"10": {"1": 0.006666666666666667, "2": 0.006666666666666667, "3": 0.006666666666666667, "4": 0.006666666666666667, "5": 0.006666666666666667, "6": 0.006666666666666667, "7": 0.006666666666666667, "8": 0.006666666666666667, "9": 0.006666666666666667, "10": 0.006666666666666667, "11": 0.6, "12": 0.3, "13": 0.006666666666666667, "14": 0.006666666666666667, "15": 0.006666666666666667, "16": 0.006666666666666667, "17": 0.006666666666666667}, "20": {"1": 0.0071428571428571435, "2": 0.0071428571428571435, "3": 0.0071428571428571435, "4": 0.0071428571428571435, "5": 0.0071428571428571435, "6": 0.0071428571428571435, "7": 0.0071428571428571435, "8": 0.0071428571428571435, "9": 0.0071428571428571435, "10": 0.0071428571428571435, "11": 0.0071428571428571435, "12": 0.2, "13": 0.5, "14": 0.2, "15": 0.0071428571428571435, "16": 0.0071428571428571435, "17": 0.0071428571428571435}, "30": {"1": 0.00625, "2": 0.00625, "3": 0.00625, "4": 0.00625, "5": 0.00625, "6": 0.00625, "7": 0.00625, "8": 0.00625, "9": 0.00625, "10": 0.00625, "11": 0.00625, "12": 0.00625, "13": 0.00625, "14": 0.9, "15": 0.00625, "16": 0.00625, "17": 0.00625}, "40": {"1": 0.00625, "2": 0.00625, "3": 0.00625, "4": 0.00625, "5": 0.00625, "6": 0.00625, "7": 0.00625, "8": 0.00625, "9": 0.00625, "10": 0.00625, "11": 0.00625, "12": 0.00625, "13": 0.00625, "14": 0.9, "15": 0.00625, "16": 0.00625, "17": 0.00625}, "50": {"1": 0.09, "2": 0.09, "3": 0.09, "4": 0.09, "5": 0.09, "6": 0.09, "7": 0.09, "8": 0.09, "9": 0.09, "10": 0.09, "11": 0.014285714285714287, "12": 0.014285714285714287, "13": 0.014285714285714287, "14": 0.014285714285714287, "15": 0.014285714285714287, "16": 0.014285714285714287, "17": 0.014285714285714287}, "60": {"1": 0.006666666666666667, "2": 0.006666666666666667, "3": 0.006666666666666667, "4": 0.006666666666666667, "5": 0.006666666666666667, "6": 0.006666666666666667, "7": 0.006666666666666667, "8": 0.006666666666666667, "9": 0.006666666666666667, "10": 0.006666666666666667, "11": 0.006666666666666667, "12": 0.006666666666666667, "13": 0.45, "14": 0.45, "15": 0.006666666666666667, "16": 0.006666666666666667, "17": 0.006666666666666667}, "70": {"1": 0.05882353, "2": 0.05882353, "3": 0.05882353, "4": 0.05882353, "5": 0.05882353, "6": 0.05882353, "7": 0.05882353, "8": 0.05882353, "9": 0.05882353, "10": 0.05882353, "11": 0.05882353, "12": 0.05882353, "13": 0.05882353, "14": 0.05882353, "15": 0.05882353, "16": 0.05882353, "17": 0.05882353}, "80": {"1": 0.0625, "2": 0.0625, "3": 0.0625, "4": 0.0625, "5": 0.0625, "6": 0.0625, "7": 0.0625, "8": 0.0625, "9": 0.0625, "10": 0.0625, "11": 0.0625, "12": 0.0625, "13": 0.0625, "14": 0.0625, "15": 0.0625, "16": 0.0625, "17": 0.9}, "90": {"1": 0.05882353, "2": 0.05882353, "3": 0.05882353, "4": 0.05882353, "5": 0.05882353, "6": 0.05882353, "7": 0.05882353, "8": 0.05882353, "9": 0.05882353, "10": 0.05882353, "11": 0.05882353, "12": 0.05882353, "13": 0.05882353, "14": 0.05882353, "15": 0.05882353, "16": 0.05882353, "17": 0.05882353}, "95": {"1": 0.05882353, "2": 0.05882353, "3": 0.05882353, "4": 0.05882353, "5": 0.05882353, "6": 0.05882353, "7": 0.05882353, "8": 0.05882353, "9": 0.05882353, "10": 0.05882353, "11": 0.05882353, "12": 0.05882353, "13": 0.05882353, "14": 0.05882353, "15": 0.05882353, "16": 0.05882353, "17": 0.05882353}, "100": {"1": 0.05882353, "2": 0.05882353, "3": 0.05882353, "4": 0.05882353, "5": 0.05882353, "6": 0.05882353, "7": 0.05882353, "8": 0.05882353, "9": 0.05882353, "10": 0.05882353, "11": 0.05882353, "12": 0.05882353, "13": 0.05882353, "14": 0.05882353, "15": 0.05882353, "16": 0.05882353, "17": 0.05882353}}