{"nodata": {"1": 0.001, "2": 0.001, "3": 0.001, "4": 0.001, "5": 0.001, "6": 0.001, "7": 0.001, "8": 0.001, "9": 0.001, "10": 0.001, "11": 0.14142857142857143, "12": 0.14142857142857143, "13": 0.14142857142857143, "14": 0.14142857142857143, "15": 0.14142857142857143, "16": 0.14142857142857143, "17": 0.14142857142857143}, "(0, 5)": {"1": 0.009090909090909092, "2": 0.009090909090909092, "3": 0.15, "4": 0.009090909090909092, "5": 0.009090909090909092, "6": 0.15, "7": 0.15, "8": 0.15, "9": 0.15, "10": 0.15, "11": 0.009090909090909092, "12": 0.009090909090909092, "13": 0.009090909090909092, "14": 0.009090909090909092, "15": 0.009090909090909092, "16": 0.009090909090909092, "17": 0.009090909090909092}, "(5, 25)": {"1": 0.007692307692307693, "2": 0.225, "3": 0.007692307692307693, "4": 0.007692307692307693, "5": 0.225, "6": 0.007692307692307693, "7": 0.007692307692307693, "8": 0.007692307692307693, "9": 0.225, "10": 0.225, "11": 0.007692307692307693, "12": 0.007692307692307693, "13": 0.007692307692307693, "14": 0.007692307692307693, "15": 0.007692307692307693, "16": 0.007692307692307693, "17": 0.007692307692307693}, "(25, 200)": {"1": 0.45, "2": 0.006666666666666667, "3": 0.006666666666666667, "4": 0.45, "5": 0.006666666666666667, "6": 0.006666666666666667, "7": 0.006666666666666667, "8": 0.006666666666666667, "9": 0.006666666666666667, "10": 0.006666666666666667, "11": 0.006666666666666667, "12": 0.006666666666666667, "13": 0.006666666666666667, "14": 0.006666666666666667, "15": 0.006666666666666667, "16": 0.006666666666666667, "17": 0.006666666666666667}, "otherwise": {"1": 0.058823529411764705, "2": 0.058823529411764705, "3": 0.058823529411764705, "4": 0.058823529411764705, "5": 0.058823529411764705, "6": 0.058823529411764705, "7": 0.058823529411764705, "8": 0.058823529411764705, "9": 0.058823529411764705, "10": 0.058823529411764705, "11": 0.058823529411764705, "12": 0.058823529411764705, "13": 0.058823529411764705, "14": 0.058823529411764705, "15": 0.058823529411764705, "16": 0.058823529411764705, "17": 0.058823529411764705}}