{   
    "nodata": [0.001, 0.001, 0.001, 0.001, 0.001, 0.001, 0.001, 0.001, 0.001, 0.001, 0.14142857142857143, 0.14142857142857143, 0.14142857142857143, 0.14142857142857143, 0.14142857142857143, 0.14142857142857143, 0.14142857142857143],
    "(0, 5)" : [0.009090909090909092, 0.009090909090909092, 0.15, 0.009090909090909092, 0.009090909090909092, 0.15, 0.15, 0.15, 0.15, 0.15, 0.009090909090909092, 0.009090909090909092, 0.009090909090909092, 0.009090909090909092, 0.009090909090909092, 0.009090909090909092, 0.009090909090909092],
    "(5, 25)" : [0.007692307692307693, 0.225, 0.007692307692307693, 0.007692307692307693, 0.225, 0.007692307692307693, 0.007692307692307693, 0.007692307692307693, 0.225, 0.225, 0.007692307692307693, 0.007692307692307693, 0.007692307692307693, 0.007692307692307693, 0.007692307692307693, 0.007692307692307693, 0.007692307692307693],
    "(25, 200)" : [0.45, 0.006666666666666667, 0.006666666666666667, 0.45, 0.006666666666666667, 0.006666666666666667, 0.006666666666666667, 0.006666666666666667, 0.006666666666666667, 0.006666666666666667, 0.006666666666666667, 0.006666666666666667, 0.006666666666666667, 0.006666666666666667, 0.006666666666666667, 0.006666666666666667, 0.006666666666666667],
    "otherwise": [0.099, 0.099, 0.099, 0.099, 0.099, 0.099, 0.099, 0.099, 0.099, 0.099, 0.0014285714285714286, 0.0014285714285714286, 0.0014285714285714286, 0.0014285714285714286, 0.0014285714285714286, 0.0014285714285714286, 0.0014285714285714286]
}
