{   
   "nodata": [0.001, 0.001, 0.001, 0.001, 0.001, 0.001, 0.001, 0.001, 0.001, 0.001, 0.14142857142857143, 0.14142857142857143, 0.14142857142857143, 0.14142857142857143, 0.14142857142857143, 0.14142857142857143, 0.14142857142857143],
   "otherwise": [0.099, 0.099, 0.099, 0.099, 0.099, 0.099, 0.099, 0.099, 0.099, 0.099, 0.0014285714285714286, 0.0014285714285714286, 0.0014285714285714286, 0.0014285714285714286, 0.0014285714285714286, 0.0014285714285714286, 0.0014285714285714286]
}
