{
    "nodata": {
	"1": 0.999,
	"2": 0.999:
	"3": 0.999,
	"4": 0.999,
	"5": 0.999,
	"6": 0.999,
	"7": 0.999,
	"8": 0.999,
	"9": 0.999,
	"10": 0.001,
	"11": 0.001,
	"12": 0.001,
	"13": 0.001,
	"14": 0.001,
	"15": 0.001,
	"16": 0.001,
	"17": 0.001
    }, "otherwise": {
	"1": {"type": "gaussian", "mu": 75.0, "sigma": 50.0},
	"2": {"type": "gaussian", "mu": 20.0, "sigma": 10.0},
	"3": {"type": "gaussian", "mu": 6.0, "sigma": 3.0},
	"4": {"type": "gaussian", "mu": 75.0, "sigma": 50.0},
	"5": {"type": "gaussian", "mu": 20.0, "sigma": 10.0},
	"6": {"type": "gaussian", "mu": 6.0, "sigma": 3.0},
	"7": {"type": "gaussian", "mu": 6.0, "sigma": 3.0},
	"8": {"type": "gaussian", "mu": 6.0, "sigma": 3.0},
	"9": {"type": "gaussian", "mu": 6.0, "sigma": 3.0},
	"10": {"type": "gaussian", "mu": 10.0, "sigma": 5.0},
	"11": 0.000001,
	"12": 0.000001,
	"13": 0.000001,
	"14": 0.000001,
	"15": 0.000001,
	"16": 0.000001,
	"17": 0.000001
    }
}
